CREATE TABLE Roles
(
    RoleId TINYINT CONSTRAINT pk_RoleId PRIMARY KEY IDENTITY,
    RoleName VARCHAR(20) CONSTRAINT uq_RoleName UNIQUE NOT NULL
)
GO

SELECT * from Roles

CREATE TABLE Users
(
	[EmailId] VARCHAR(50) CONSTRAINT pk_EmailId PRIMARY KEY,-- chk_ProductId CHECK(ProductId LIKE 'P%'),
	[UserPassword] VARCHAR(15) NOT NULL, -- uq_ProductName UNIQUE NOT NULL,
	[RoleId] TINYINT CONSTRAINT fk_RoleId REFERENCES Roles(RoleId),
    [Gender] CHAR(1) CONSTRAINT chk_Gender CHECK (Gender = 'F' or Gender = 'M') NOT NULL,
    [DateOfBirth] DATE CONSTRAINT chk_DateOfBirth CHECK (DateOfBirth < GETDATE()) NOT NULL,
    [Address] VARCHAR(200) NOT NULL,
)
GO


CREATE TABLE PurchaseDetails
(
   [PurchaseId] BIGINT CONSTRAINT pk_PurchaseId PRIMARY KEY IDENTITY(1000,1),
   [EmailId] VARCHAR(50) CONSTRAINT fk_EmailId_PurchaseDetails REFERENCES Users(EmailId),
   [ProductId] CHAR(4) CONSTRAINT fk_ProductId_PurchaseDetails REFERENCES Products(ProductId),
   [QuantityPurchased] SMALLINT CONSTRAINT chk_QuantityPurchased_PurchaseDetails 
                       CHECK(QuantityPurchased>0) NOT NULL,  
   [DateOfPurchase] SMALLDATETIME CONSTRAINT chk_DateOfPurchase_PurchaseDetails 
                    CHECK (DateOfPurchase<=GETDATE()) DEFAULT GETDATE() NOT NULL
)
GO

SET IDENTITY_INSERT Roles ON
INSERT INTO Roles (RoleId, RoleName) VALUES (1, 'Admin')
INSERT INTO Roles (RoleId, RoleName) VALUES (2, 'Customer')
SET IDENTITY_INSERT Roles OFF
GO

INSERT INTO Users( EmailId,UserPassword,RoleId,Gender, DateOfBirth,Address) VALUES('Franken@gmail.com','BSBEV@1234',2,'F','1976-08-26','Fauntleroy Circus')
INSERT INTO Users( EmailId,UserPassword,RoleId,Gender, DateOfBirth,Address) VALUES('Henriot@gmail.com','CACTU@1234',2,'F','1971-09-04','Cerrito 333')
INSERT INTO Users( EmailId,UserPassword,RoleId,Gender, DateOfBirth,Address) VALUES('Hernadez@gmail.com','CHOPS@1234',2,'M','1981-09-18','Hauptstr. 29')
INSERT INTO Users( EmailId,UserPassword,RoleId,Gender, DateOfBirth,Address) VALUES('Jablonski@gmail.com','COMMI@1234',2,'M','1989-07-21','Av. dos Lusíadas, 23')
INSERT INTO Users( EmailId,UserPassword,RoleId,Gender, DateOfBirth,Address) VALUES('Josephs@gmail.com','CONSH@1234',2,'F','1963-11-09','Berkeley Gardens 12  Brewery')
INSERT INTO Users( EmailId,UserPassword,RoleId,Gender, DateOfBirth,Address) VALUES('Anzio_Don@infosys.com','don@123',1,'M','1991-02-24','Surya Bakery, Mysore;Surya Bakery, Mysore-570001')
INSERT INTO Users( EmailId,UserPassword,RoleId,Gender, DateOfBirth,Address) VALUES('Karttunen@gmail.com','DRACD@1234',2,'M','1963-06-27','Walserweg 21')
INSERT INTO Users( EmailId,UserPassword,RoleId,Gender, DateOfBirth,Address) VALUES('Koskitalo@gmail.com','DUMON@1234',2,'F','1966-01-28','67, rue des Cinquante Otages')
INSERT INTO Users( EmailId,UserPassword,RoleId,Gender, DateOfBirth,Address) VALUES('Labrune@gmail.com','EASTC@1234',2,'F','1980-02-09','35 King George')
INSERT INTO Users( EmailId,UserPassword,RoleId,Gender, DateOfBirth,Address) VALUES('Mathew_Edmar@infosys.com','Divine@456',2,'M','1989-09-12','Saibaba colony, Coimbatore')
INSERT INTO Users( EmailId,UserPassword,RoleId,Gender, DateOfBirth,Address) VALUES('Larsson@gmail.com','ERNSH@1234',2,'M','1988-04-08','Kirchgasse 6')
INSERT INTO Users( EmailId,UserPassword,RoleId,Gender, DateOfBirth,Address) VALUES('Latimer@gmail.com','FAMIA@1234',2,'M','1964-10-08','Rua Orós, 92')
INSERT INTO Users( EmailId,UserPassword,RoleId,Gender, DateOfBirth,Address) VALUES('Lebihan@gmail.com','FISSA@1234',2,'M','1968-03-22','C/ Moralzarzal, 86')
INSERT INTO Users( EmailId,UserPassword,RoleId,Gender, DateOfBirth,Address) VALUES('Lincoln@gmail.com','FOLIG@1234',2,'M','1971-01-27','184, chaussée de Tournai')
INSERT INTO Users( EmailId,UserPassword,RoleId,Gender, DateOfBirth,Address) VALUES('McKenna@gmail.com','FOLKO@1234',2,'F','1979-08-30','Åkergatan 24')
INSERT INTO Users( EmailId,UserPassword,RoleId,Gender, DateOfBirth,Address) VALUES('Mendel@gmail.com','FRANK@1234',2,'M','1964-07-08','Berliner Platz 43')
INSERT INTO Users( EmailId,UserPassword,RoleId,Gender, DateOfBirth,Address) VALUES('Muller@gmail.com','FRANR@1234',2,'F','1965-05-22','54, rue Royale')
INSERT INTO Users( EmailId,UserPassword,RoleId,Gender, DateOfBirth,Address) VALUES('Nagy@gmail.com','FRANS@1234',2,'F','1978-02-05','Via Monte Bianco 34')
INSERT INTO Users( EmailId,UserPassword,RoleId,Gender, DateOfBirth,Address) VALUES('Rourke@gmail.com','FURIB@1234',2,'F','1967-10-24','Jardim das rosas n. 32')
INSERT INTO Users( EmailId,UserPassword,RoleId,Gender, DateOfBirth,Address) VALUES('Ottlieb@gmail.com','GALED@1234',2,'F','1960-05-26','Rambla de Cataluña, 23')
INSERT INTO Users( EmailId,UserPassword,RoleId,Gender, DateOfBirth,Address) VALUES('Paolino@gmail.com','GODOS@1234',2,'M','1961-08-29','C/ Romero, 33')
INSERT INTO Users( EmailId,UserPassword,RoleId,Gender, DateOfBirth,Address) VALUES('Parente@gmail.com','GOURL@1234',2,'F','1963-04-25','Av. Brasil, 442')
INSERT INTO Users( EmailId,UserPassword,RoleId,Gender, DateOfBirth,Address) VALUES('Pontes@gmail.com','GROSR@1234',2,'M','1962-09-29','5ª Ave. Los Palos Grandes')
INSERT INTO Users( EmailId,UserPassword,RoleId,Gender, DateOfBirth,Address) VALUES('Rance@gmail.com','HANAR@1234',2,'M','1986-04-30','Rua do Paço, 67')
INSERT INTO Users( EmailId,UserPassword,RoleId,Gender, DateOfBirth,Address) VALUES('Roel@gmail.com','HILAA@1234',2,'M','1983-12-28','Carrera 22 con Ave. Carlos Soublette #8-35')
INSERT INTO Users( EmailId,UserPassword,RoleId,Gender, DateOfBirth,Address) VALUES('Roulet@gmail.com','HUNGC@1234',2,'M','1981-04-14','City Center Plaza 516 Main St.')
INSERT INTO Users( EmailId,UserPassword,RoleId,Gender, DateOfBirth,Address) VALUES('Saveley@gmail.com','HUNGO@1234',2,'F','1970-11-07','8 Johnstown Road')
INSERT INTO Users( EmailId,UserPassword,RoleId,Gender, DateOfBirth,Address) VALUES('Schmitt@gmail.com','ISLAT@1234',2,'F','1974-09-19','Garden House Crowther Way')
INSERT INTO Users( EmailId,UserPassword,RoleId,Gender, DateOfBirth,Address) VALUES('Rine_Jamwal@infosys.com','spacejet',2,'F','1991-07-20','R S Puram, Coimbatore')
INSERT INTO Users( EmailId,UserPassword,RoleId,Gender, DateOfBirth,Address) VALUES('Smith@gmail.com','KOENE@1234',2,'M','1985-05-08','Maubelstr. 90')
INSERT INTO Users( EmailId,UserPassword,RoleId,Gender, DateOfBirth,Address) VALUES('Snyder@gmail.com','LACOR@1234',2,'M','1985-11-03','67, avenue de l Europe')
INSERT INTO Users( EmailId,UserPassword,RoleId,Gender, DateOfBirth,Address) VALUES('Sommer@gmail.com','LAMAI@1234',2,'F','1968-09-08','1 rue Alsace-Lorraine')
INSERT INTO Users( EmailId,UserPassword,RoleId,Gender, DateOfBirth,Address) VALUES('Thomas@gmail.com','LAUGB@1234',2,'M','1986-11-15','1900 Oak St.')
INSERT INTO Users( EmailId,UserPassword,RoleId,Gender, DateOfBirth,Address) VALUES('Tonini@gmail.com','LAZYK@1234',2,'M','1988-11-11','12 Orchestra Terrace')
INSERT INTO Users( EmailId,UserPassword,RoleId,Gender, DateOfBirth,Address) VALUES('Mess@gmail.com','LEHMS@1234',2,'F','1964-07-30','Magazinweg 7')
INSERT INTO Users( EmailId,UserPassword,RoleId,Gender, DateOfBirth,Address) VALUES('Jai@gmail.com','LETSS@1234',2,'F','1971-01-21','87 Polk St. Suite 5')
INSERT INTO Users( EmailId,UserPassword,RoleId,Gender, DateOfBirth,Address) VALUES('Albert@gmail.com','LILAS@1234',2,'M','1963-12-23','Carrera 52 con Ave. Bolívar #65-98 Llano Largo')
INSERT INTO Users( EmailId,UserPassword,RoleId,Gender, DateOfBirth,Address) VALUES('Paolo@gmail.com','LINOD@1234',2,'M','1985-09-18','Ave. 5 de Mayo Porlamar')
INSERT INTO Users( EmailId,UserPassword,RoleId,Gender, DateOfBirth,Address) VALUES('Pedro@gmail.com','LONEP@1234',2,'F','1981-03-18','89 Chiaroscuro Rd.')
INSERT INTO Users( EmailId,UserPassword,RoleId,Gender, DateOfBirth,Address) VALUES('Victoria@gmail.com','MAGAA@1234',2,'M','1987-01-09','Via Ludovico il Moro 22')
INSERT INTO Users( EmailId,UserPassword,RoleId,Gender, DateOfBirth,Address) VALUES('Helen@gmail.com','MAISD@1234',2,'F','1968-06-28','Rue Joseph-Bens 532')
INSERT INTO Users( EmailId,UserPassword,RoleId,Gender, DateOfBirth,Address) VALUES('Lesley@gmail.com','MEREP@1234',2,'F','1982-12-23','43 rue St. Laurent')
INSERT INTO Users( EmailId,UserPassword,RoleId,Gender, DateOfBirth,Address) VALUES('Francisco@gmail.com','MORGK@1234',2,'M','1963-02-23','Heerstr. 22')
INSERT INTO Users( EmailId,UserPassword,RoleId,Gender, DateOfBirth,Address) VALUES('Sanio_Neeba@infosys.com','AllIsGood',2,'F','1990-06-13','Ramnagar, Coimbatore')
INSERT INTO Users( EmailId,UserPassword,RoleId,Gender, DateOfBirth,Address) VALUES('Philip@gmail.com','NORTS@1234',2,'M','1987-03-04','South House 300 Queensbridge')
INSERT INTO Users( EmailId,UserPassword,RoleId,Gender, DateOfBirth,Address) VALUES('Aria@gmail.com','OCEAN@1234',2,'M','1965-06-27','Ing. Gustavo Moncada 8585 Piso 20-A')
INSERT INTO Users( EmailId,UserPassword,RoleId,Gender, DateOfBirth,Address) VALUES('Ann@gmail.com','OLDWO@1234',2,'F','1981-03-21','2743 Bering St.')
INSERT INTO Users( EmailId,UserPassword,RoleId,Gender, DateOfBirth,Address) VALUES('Anabela@gmail.com','OTTIK@1234',2,'F','1985-11-23','Mehrheimerstr. 369')
INSERT INTO Users( EmailId,UserPassword,RoleId,Gender, DateOfBirth,Address) VALUES('Peter@gmail.com','PARIS@1234',2,'F','1981-11-13','265, boulevard Charonne')
INSERT INTO Users( EmailId,UserPassword,RoleId,Gender, DateOfBirth,Address) VALUES('Paul@gmail.com','PERIC@1234',2,'M','1987-05-17','Calle Dr. Jorge Cash 321')
INSERT INTO Users( EmailId,UserPassword,RoleId,Gender, DateOfBirth,Address) VALUES('Carlos@gmail.com','PICCO@1234',2,'M','1969-02-08','Geislweg 14')
INSERT INTO Users( EmailId,UserPassword,RoleId,Gender, DateOfBirth,Address) VALUES('Palle@gmail.com','PRINI@1234',2,'F','1961-03-29','Estrada da saúde n. 58')
INSERT INTO Users( EmailId,UserPassword,RoleId,Gender, DateOfBirth,Address) VALUES('Karla@gmail.com','QUEDE@1234',2,'M','1968-04-28','Rua da Panificadora, 12')
INSERT INTO Users( EmailId,UserPassword,RoleId,Gender, DateOfBirth,Address) VALUES('Karin@gmail.com','QUEEN@1234',2,'F','1989-12-18','Alameda dos Canàrios, 891')
INSERT INTO Users( EmailId,UserPassword,RoleId,Gender, DateOfBirth,Address) VALUES('Matti@gmail.com','QUICK@1234',2,'M','1982-09-18','Taucherstraße 10')
INSERT INTO Users( EmailId,UserPassword,RoleId,Gender, DateOfBirth,Address) VALUES('Pirkko@gmail.com','RANCH@1234',2,'M','1983-09-24','Av. del Libertador 900')
INSERT INTO Users( EmailId,UserPassword,RoleId,Gender, DateOfBirth,Address) VALUES('Janine@gmail.com','RATTC@1234',2,'F','1964-12-12','2817 Milton Dr.')
INSERT INTO Users( EmailId,UserPassword,RoleId,Gender, DateOfBirth,Address) VALUES('Maria@gmail.com','REGGC@1234',2,'M','1980-04-11','Strada Provinciale 124')
INSERT INTO Users( EmailId,UserPassword,RoleId,Gender, DateOfBirth,Address) VALUES('Yoshi@gmail.com','RICAR@1234',2,'F','1961-08-28','Av. Copacabana, 267')
INSERT INTO Users( EmailId,UserPassword,RoleId,Gender, DateOfBirth,Address) VALUES('Laurence@gmail.com','RICSU@1234',2,'M','1985-05-26','Grenzacherweg 237')
INSERT INTO Users( EmailId,UserPassword,RoleId,Gender, DateOfBirth,Address) VALUES('MeetRoda@yahoo.co.in','ChristaRocks',1,'M','1990-04-20','Choultry Circle, Mysore')
INSERT INTO Users( EmailId,UserPassword,RoleId,Gender, DateOfBirth,Address) VALUES('Elizabeth@gmail.com','ROMEY@1234',2,'F','1975-04-26','Gran Vía, 1')
INSERT INTO Users( EmailId,UserPassword,RoleId,Gender, DateOfBirth,Address) VALUES('Patricia@gmail.com','SANTG@1234',2,'F','1968-10-16','Erling Skakkes gate 78')
INSERT INTO Users( EmailId,UserPassword,RoleId,Gender, DateOfBirth,Address) VALUES('Roland@gmail.com','SAVEA@1234',2,'F','1980-01-04','187 Suffolk Ln.')
INSERT INTO Users( EmailId,UserPassword,RoleId,Gender, DateOfBirth,Address) VALUES('Rita@gmail.com','SEVES@1234',2,'M','1972-06-15','90 Wadhurst Rd.')
INSERT INTO Users( EmailId,UserPassword,RoleId,Gender, DateOfBirth,Address) VALUES('Helvetius@gmail.com','SIMOB@1234',2,'F','1978-03-09','Vinbæltet 34')
INSERT INTO Users( EmailId,UserPassword,RoleId,Gender, DateOfBirth,Address) VALUES('Timothy@gmail.com','SPECD@1234',2,'M','1964-09-28','25, rue Lauriston')
INSERT INTO Users( EmailId,UserPassword,RoleId,Gender, DateOfBirth,Address) VALUES('Sven@gmail.com','SPLIR@1234',2,'F','1967-12-12','P.O. Box 555')
INSERT INTO Users( EmailId,UserPassword,RoleId,Gender, DateOfBirth,Address) VALUES('SamRocks@gmail.com','samsuji123!',2,'M','1991-06-15','Shankranti Circle, Mysore')
INSERT INTO Users( EmailId,UserPassword,RoleId,Gender, DateOfBirth,Address) VALUES('Miguel@gmail.com','SUPRD@1234',2,'F','1971-10-09','Boulevard Tirou, 255')
INSERT INTO Users( EmailId,UserPassword,RoleId,Gender, DateOfBirth,Address) VALUES('Paula@gmail.com','THEBI@1234',2,'M','1980-08-05','89 Jefferson Way Suite 2')
INSERT INTO Users( EmailId,UserPassword,RoleId,Gender, DateOfBirth,Address) VALUES('Manuel@gmail.com','THECR@1234',2,'M','1988-10-15','55 Grizzly Peak Rd.')
INSERT INTO Users( EmailId,UserPassword,RoleId,Gender, DateOfBirth,Address) VALUES('Mariaa@gmail.com','TOMSP@1234',2,'F','1987-11-29','Luisenstr. 48')
INSERT INTO Users( EmailId,UserPassword,RoleId,Gender, DateOfBirth,Address) VALUES('Martine@gmail.com','TORTU@1234',2,'M','1985-05-08','Avda. Azteca 123')
INSERT INTO Users( EmailId,UserPassword,RoleId,Gender, DateOfBirth,Address) VALUES('Diego@gmail.com','TRADH@1234',2,'F','1983-02-16','Av. Inês de Castro, 414')
INSERT INTO Users( EmailId,UserPassword,RoleId,Gender, DateOfBirth,Address) VALUES('Annette@gmail.com','TRAIH@1234',2,'M','1981-05-03','722 DaVinci Blvd.')
INSERT INTO Users( EmailId,UserPassword,RoleId,Gender, DateOfBirth,Address) VALUES('Mary@gmail.com','VAFFE@1234',2,'F','1977-10-09','Smagsloget 45')
INSERT INTO Users( EmailId,UserPassword,RoleId,Gender, DateOfBirth,Address) VALUES('Carine@gmail.com','VICTE@1234',2,'F','1982-12-27','2, rue du Commerce')
INSERT INTO Users( EmailId,UserPassword,RoleId,Gender, DateOfBirth,Address) VALUES('Margaret@gmail.com','VINET@1234',2,'M','1979-08-16','59 rue de l Abbaye')
INSERT INTO Users( EmailId,UserPassword,RoleId,Gender, DateOfBirth,Address) VALUES('Howard@gmail.com','WANDK@1234',2,'F','1982-06-02','Adenauerallee 900')
INSERT INTO Users( EmailId,UserPassword,RoleId,Gender, DateOfBirth,Address) VALUES('Martin@gmail.com','WARTH@1234',2,'M','1989-12-15','Torikatu 38')
INSERT INTO Users( EmailId,UserPassword,RoleId,Gender, DateOfBirth,Address) VALUES('Gary@gmail.com','WELLI@1234',2,'F','1968-12-27','Rua do Mercado, 12')
INSERT INTO Users( EmailId,UserPassword,RoleId,Gender, DateOfBirth,Address) VALUES('Daniel@gmail.com','WHITC@1234',2,'M','1978-05-22','305 - 14th Ave. S. Suite 3B')
INSERT INTO Users( EmailId,UserPassword,RoleId,Gender, DateOfBirth,Address) VALUES('mat@gmail.com','WILMK@1234',2,'M','1977-01-13','Keskuskatu 45')
INSERT INTO Users( EmailId,UserPassword,RoleId,Gender, DateOfBirth,Address) VALUES('Davis@gmail.com','WOLZA@1234',2,'M','1982-01-09','ul. Filtrowa 68')
GO


SET IDENTITY_INSERT PurchaseDetails ON
INSERT INTO PurchaseDetails(PurchaseId,EmailId,ProductId,QuantityPurchased,DateOfPurchase) VALUES(1001,'Franken@gmail.com','P101',2,'Jan 12 2014 12:00AM')
INSERT INTO PurchaseDetails(PurchaseId,EmailId,ProductId,QuantityPurchased,DateOfPurchase) VALUES(1002,'Franken@gmail.com','P143',1,'Jan 13 2014 12:00AM')
INSERT INTO PurchaseDetails(PurchaseId,EmailId,ProductId,QuantityPurchased,DateOfPurchase) VALUES(1003,'Franken@gmail.com','P112',3,'Jan 14 2014 12:00AM')
INSERT INTO PurchaseDetails(PurchaseId,EmailId,ProductId,QuantityPurchased,DateOfPurchase) VALUES(1004,'Franken@gmail.com','P148',2,'Jan 15 2014 12:00AM')
INSERT INTO PurchaseDetails(PurchaseId,EmailId,ProductId,QuantityPurchased,DateOfPurchase) VALUES(1005,'Franken@gmail.com','P150',1,'Jan 16 2014 12:00AM')
INSERT INTO PurchaseDetails(PurchaseId,EmailId,ProductId,QuantityPurchased,DateOfPurchase) VALUES(1006,'Franken@gmail.com','P134',3,'Jan 16 2014 12:00AM')
INSERT INTO PurchaseDetails(PurchaseId,EmailId,ProductId,QuantityPurchased,DateOfPurchase) VALUES(1007,'SamRocks@gmail.com','P120',4,'Nov 17 2013 12:00AM')
INSERT INTO PurchaseDetails(PurchaseId,EmailId,ProductId,QuantityPurchased,DateOfPurchase) VALUES(1008,'SamRocks@gmail.com','P110',4,'Nov 19 2013 12:00AM')
INSERT INTO PurchaseDetails(PurchaseId,EmailId,ProductId,QuantityPurchased,DateOfPurchase) VALUES(1009,'SamRocks@gmail.com','P112',3,'Nov 20 2013 12:00AM')
INSERT INTO PurchaseDetails(PurchaseId,EmailId,ProductId,QuantityPurchased,DateOfPurchase) VALUES(1010,'SamRocks@gmail.com','P148',1,'Nov 21 2013 12:00AM')
INSERT INTO PurchaseDetails(PurchaseId,EmailId,ProductId,QuantityPurchased,DateOfPurchase) VALUES(1011,'SamRocks@gmail.com','P150',5,'Dec 22 2013 12:00AM')
INSERT INTO PurchaseDetails(PurchaseId,EmailId,ProductId,QuantityPurchased,DateOfPurchase) VALUES(1012,'Davis@gmail.com','P134',1,'Jan 12 2014 12:00AM')
INSERT INTO PurchaseDetails(PurchaseId,EmailId,ProductId,QuantityPurchased,DateOfPurchase) VALUES(1013,'Davis@gmail.com','P101',3,'Jan 13 2014 12:00AM')
INSERT INTO PurchaseDetails(PurchaseId,EmailId,ProductId,QuantityPurchased,DateOfPurchase) VALUES(1014,'Davis@gmail.com','P143',3,'Jan 14 2014 12:00AM')
INSERT INTO PurchaseDetails(PurchaseId,EmailId,ProductId,QuantityPurchased,DateOfPurchase) VALUES(1015,'Davis@gmail.com','P112',3,'Jan 15 2014 12:00AM')
INSERT INTO PurchaseDetails(PurchaseId,EmailId,ProductId,QuantityPurchased,DateOfPurchase) VALUES(1016,'Davis@gmail.com','P148',3,'Jan 16 2014 12:00AM')
INSERT INTO PurchaseDetails(PurchaseId,EmailId,ProductId,QuantityPurchased,DateOfPurchase) VALUES(1017,'Henriot@gmail.com','P150',5,'Jan 17 2014 12:00AM')
INSERT INTO PurchaseDetails(PurchaseId,EmailId,ProductId,QuantityPurchased,DateOfPurchase) VALUES(1018,'Henriot@gmail.com','P134',1,'Nov 22 2013 12:00AM')
INSERT INTO PurchaseDetails(PurchaseId,EmailId,ProductId,QuantityPurchased,DateOfPurchase) VALUES(1019,'Henriot@gmail.com','P111',2,'Dec 25 2013 12:00AM')
INSERT INTO PurchaseDetails(PurchaseId,EmailId,ProductId,QuantityPurchased,DateOfPurchase) VALUES(1020,'Henriot@gmail.com','P121',1,'Nov 21 2013 12:00AM')
INSERT INTO PurchaseDetails(PurchaseId,EmailId,ProductId,QuantityPurchased,DateOfPurchase) VALUES(1021,'Henriot@gmail.com','P122',5,'Nov 28 2013 12:00AM')
INSERT INTO PurchaseDetails(PurchaseId,EmailId,ProductId,QuantityPurchased,DateOfPurchase) VALUES(1022,'Pirkko@gmail.com','P109',4,'Nov 29 2013 12:00AM')
INSERT INTO PurchaseDetails(PurchaseId,EmailId,ProductId,QuantityPurchased,DateOfPurchase) VALUES(1023,'Pirkko@gmail.com','P123',5,'Dec 21 2013 12:00AM')
INSERT INTO PurchaseDetails(PurchaseId,EmailId,ProductId,QuantityPurchased,DateOfPurchase) VALUES(1024,'Pirkko@gmail.com','P115',2,'Jan 21 2013 12:00AM')
INSERT INTO PurchaseDetails(PurchaseId,EmailId,ProductId,QuantityPurchased,DateOfPurchase) VALUES(1025,'Pirkko@gmail.com','P113',5,'Dec 21 2013 12:00AM')
INSERT INTO PurchaseDetails(PurchaseId,EmailId,ProductId,QuantityPurchased,DateOfPurchase) VALUES(1026,'Pirkko@gmail.com','P145',3,'Nov 28 2013 12:00AM')
INSERT INTO PurchaseDetails(PurchaseId,EmailId,ProductId,QuantityPurchased,DateOfPurchase) VALUES(1027,'Pirkko@gmail.com','P132',5,'Nov 29 2013 12:00AM')
INSERT INTO PurchaseDetails(PurchaseId,EmailId,ProductId,QuantityPurchased,DateOfPurchase) VALUES(1028,'Pirkko@gmail.com','P101',3,'Nov 30 2013 12:00AM')
INSERT INTO PurchaseDetails(PurchaseId,EmailId,ProductId,QuantityPurchased,DateOfPurchase) VALUES(1029,'Elizabeth@gmail.com','P143',5,'Jan  1 2014 12:00AM')
INSERT INTO PurchaseDetails(PurchaseId,EmailId,ProductId,QuantityPurchased,DateOfPurchase) VALUES(1030,'Elizabeth@gmail.com','P112',5,'Jan  2 2014 12:00AM')
INSERT INTO PurchaseDetails(PurchaseId,EmailId,ProductId,QuantityPurchased,DateOfPurchase) VALUES(1031,'Elizabeth@gmail.com','P148',1,'Jan  3 2014 12:00AM')
INSERT INTO PurchaseDetails(PurchaseId,EmailId,ProductId,QuantityPurchased,DateOfPurchase) VALUES(1032,'Elizabeth@gmail.com','P150',5,'Jan  4 2014 12:00AM')
INSERT INTO PurchaseDetails(PurchaseId,EmailId,ProductId,QuantityPurchased,DateOfPurchase) VALUES(1033,'Elizabeth@gmail.com','P134',2,'Jan  5 2014 12:00AM')
INSERT INTO PurchaseDetails(PurchaseId,EmailId,ProductId,QuantityPurchased,DateOfPurchase) VALUES(1034,'Elizabeth@gmail.com','P135',3,'Jan  6 2014 12:00AM')
INSERT INTO PurchaseDetails(PurchaseId,EmailId,ProductId,QuantityPurchased,DateOfPurchase) VALUES(1035,'Paula@gmail.com','P136',3,'Jan  7 2014 12:00AM')
INSERT INTO PurchaseDetails(PurchaseId,EmailId,ProductId,QuantityPurchased,DateOfPurchase) VALUES(1036,'Paula@gmail.com','P137',3,'Jan 18 2014 12:00AM')
INSERT INTO PurchaseDetails(PurchaseId,EmailId,ProductId,QuantityPurchased,DateOfPurchase) VALUES(1037,'Paula@gmail.com','P148',5,'Jan 19 2014 12:00AM')
INSERT INTO PurchaseDetails(PurchaseId,EmailId,ProductId,QuantityPurchased,DateOfPurchase) VALUES(1038,'Paula@gmail.com','P150',2,'Jan 16 2014 12:00AM')
INSERT INTO PurchaseDetails(PurchaseId,EmailId,ProductId,QuantityPurchased,DateOfPurchase) VALUES(1039,'Paula@gmail.com','P134',2,'Jan 12 2014 12:00AM')
INSERT INTO PurchaseDetails(PurchaseId,EmailId,ProductId,QuantityPurchased,DateOfPurchase) VALUES(1040,'Paula@gmail.com','P120',2,'Jan 11 2014 12:00AM')
INSERT INTO PurchaseDetails(PurchaseId,EmailId,ProductId,QuantityPurchased,DateOfPurchase) VALUES(1041,'Paula@gmail.com','P110',5,'Jan 12 2014 12:00AM')
INSERT INTO PurchaseDetails(PurchaseId,EmailId,ProductId,QuantityPurchased,DateOfPurchase) VALUES(1042,'Howard@gmail.com','P112',2,'Jan 17 2014 12:00AM')
INSERT INTO PurchaseDetails(PurchaseId,EmailId,ProductId,QuantityPurchased,DateOfPurchase) VALUES(1043,'Howard@gmail.com','P114',3,'Jan 19 2014 12:00AM')
INSERT INTO PurchaseDetails(PurchaseId,EmailId,ProductId,QuantityPurchased,DateOfPurchase) VALUES(1044,'Howard@gmail.com','P101',1,'Jan 21 2014 12:00AM')
INSERT INTO PurchaseDetails(PurchaseId,EmailId,ProductId,QuantityPurchased,DateOfPurchase) VALUES(1045,'Howard@gmail.com','P143',5,'Jan 22 2014 12:00AM')
INSERT INTO PurchaseDetails(PurchaseId,EmailId,ProductId,QuantityPurchased,DateOfPurchase) VALUES(1046,'Howard@gmail.com','P112',2,'Jan 23 2014 12:00AM')
INSERT INTO PurchaseDetails(PurchaseId,EmailId,ProductId,QuantityPurchased,DateOfPurchase) VALUES(1047,'Howard@gmail.com','P148',5,'Jan 14 2014 12:00AM')
INSERT INTO PurchaseDetails(PurchaseId,EmailId,ProductId,QuantityPurchased,DateOfPurchase) VALUES(1048,'Howard@gmail.com','P150',4,'Jan 15 2014 12:00AM')
INSERT INTO PurchaseDetails(PurchaseId,EmailId,ProductId,QuantityPurchased,DateOfPurchase) VALUES(1049,'Howard@gmail.com','P134',5,'Jan 17 2014 12:00AM')
INSERT INTO PurchaseDetails(PurchaseId,EmailId,ProductId,QuantityPurchased,DateOfPurchase) VALUES(1066,'Franken@gmail.com','P101',2,'Jan 12 2014 12:00AM')
INSERT INTO PurchaseDetails(PurchaseId,EmailId,ProductId,QuantityPurchased,DateOfPurchase) VALUES(1067,'Franken@gmail.com','P143',1,'Jan 13 2014 12:00AM')
INSERT INTO PurchaseDetails(PurchaseId,EmailId,ProductId,QuantityPurchased,DateOfPurchase) VALUES(1068,'Franken@gmail.com','P112',3,'Jan 14 2014 12:00AM')
INSERT INTO PurchaseDetails(PurchaseId,EmailId,ProductId,QuantityPurchased,DateOfPurchase) VALUES(1069,'Franken@gmail.com','P148',2,'Jan 15 2014 12:00AM')
INSERT INTO PurchaseDetails(PurchaseId,EmailId,ProductId,QuantityPurchased,DateOfPurchase) VALUES(1070,'Franken@gmail.com','P150',1,'Jan 16 2014 12:00AM')
INSERT INTO PurchaseDetails(PurchaseId,EmailId,ProductId,QuantityPurchased,DateOfPurchase) VALUES(1071,'Franken@gmail.com','P134',3,'Jan 17 2014 12:00AM')
INSERT INTO PurchaseDetails(PurchaseId,EmailId,ProductId,QuantityPurchased,DateOfPurchase) VALUES(1072,'Pedro@gmail.com','P101',1,'Jan 18 2014 12:00AM')
INSERT INTO PurchaseDetails(PurchaseId,EmailId,ProductId,QuantityPurchased,DateOfPurchase) VALUES(1073,'Pedro@gmail.com','P143',1,'Jan 12 2014 12:00AM')
INSERT INTO PurchaseDetails(PurchaseId,EmailId,ProductId,QuantityPurchased,DateOfPurchase) VALUES(1074,'Pedro@gmail.com','P112',5,'Jan 13 2014 12:00AM')
INSERT INTO PurchaseDetails(PurchaseId,EmailId,ProductId,QuantityPurchased,DateOfPurchase) VALUES(1075,'Pedro@gmail.com','P148',1,'Jan 14 2014 12:00AM')
INSERT INTO PurchaseDetails(PurchaseId,EmailId,ProductId,QuantityPurchased,DateOfPurchase) VALUES(1076,'Pedro@gmail.com','P150',2,'Jan 15 2014 12:00AM')
INSERT INTO PurchaseDetails(PurchaseId,EmailId,ProductId,QuantityPurchased,DateOfPurchase) VALUES(1077,'Pedro@gmail.com','P134',4,'Jan 16 2014 12:00AM')
INSERT INTO PurchaseDetails(PurchaseId,EmailId,ProductId,QuantityPurchased,DateOfPurchase) VALUES(1078,'Pedro@gmail.com','P101',2,'Jan 12 2014 12:00AM')
INSERT INTO PurchaseDetails(PurchaseId,EmailId,ProductId,QuantityPurchased,DateOfPurchase) VALUES(1079,'Roland@gmail.com','P143',1,'Jan 13 2014 12:00AM')
INSERT INTO PurchaseDetails(PurchaseId,EmailId,ProductId,QuantityPurchased,DateOfPurchase) VALUES(1080,'Roland@gmail.com','P112',3,'Jan 14 2014 12:00AM')
INSERT INTO PurchaseDetails(PurchaseId,EmailId,ProductId,QuantityPurchased,DateOfPurchase) VALUES(1081,'Roland@gmail.com','P148',2,'Jan 15 2014 12:00AM')
INSERT INTO PurchaseDetails(PurchaseId,EmailId,ProductId,QuantityPurchased,DateOfPurchase) VALUES(1082,'Roland@gmail.com','P150',1,'Jan 16 2014 12:00AM')
INSERT INTO PurchaseDetails(PurchaseId,EmailId,ProductId,QuantityPurchased,DateOfPurchase) VALUES(1083,'Roland@gmail.com','P134',3,'Jan 17 2014 12:00AM')
INSERT INTO PurchaseDetails(PurchaseId,EmailId,ProductId,QuantityPurchased,DateOfPurchase) VALUES(1085,'Roland@gmail.com','P101',2,'Jan 12 2014 12:00AM')
INSERT INTO PurchaseDetails(PurchaseId,EmailId,ProductId,QuantityPurchased,DateOfPurchase) VALUES(1086,'Roland@gmail.com','P143',1,'Jan 13 2014 12:00AM')
INSERT INTO PurchaseDetails(PurchaseId,EmailId,ProductId,QuantityPurchased,DateOfPurchase) VALUES(1087,'Roland@gmail.com','P112',3,'Jan 14 2014 12:00AM')
INSERT INTO PurchaseDetails(PurchaseId,EmailId,ProductId,QuantityPurchased,DateOfPurchase) VALUES(1088,'Roland@gmail.com','P148',2,'Jan 15 2014 12:00AM')
INSERT INTO PurchaseDetails(PurchaseId,EmailId,ProductId,QuantityPurchased,DateOfPurchase) VALUES(1089,'Roland@gmail.com','P150',1,'Jan 16 2014 12:00AM')
INSERT INTO PurchaseDetails(PurchaseId,EmailId,ProductId,QuantityPurchased,DateOfPurchase) VALUES(1090,'Roland@gmail.com','P134',3,'Jan 16 2014 12:00AM')
INSERT INTO PurchaseDetails(PurchaseId,EmailId,ProductId,QuantityPurchased,DateOfPurchase) VALUES(1108,'Timothy@gmail.com','P120',4,'Nov 17 2013 12:00AM')
INSERT INTO PurchaseDetails(PurchaseId,EmailId,ProductId,QuantityPurchased,DateOfPurchase) VALUES(1110,'Timothy@gmail.com','P110',4,'Nov 19 2013 12:00AM')
INSERT INTO PurchaseDetails(PurchaseId,EmailId,ProductId,QuantityPurchased,DateOfPurchase) VALUES(1111,'Timothy@gmail.com','P112',3,'Nov 20 2013 12:00AM')
INSERT INTO PurchaseDetails(PurchaseId,EmailId,ProductId,QuantityPurchased,DateOfPurchase) VALUES(1112,'Timothy@gmail.com','P148',1,'Nov 21 2013 12:00AM')
INSERT INTO PurchaseDetails(PurchaseId,EmailId,ProductId,QuantityPurchased,DateOfPurchase) VALUES(1114,'Timothy@gmail.com','P150',5,'Dec 22 2013 12:00AM')
INSERT INTO PurchaseDetails(PurchaseId,EmailId,ProductId,QuantityPurchased,DateOfPurchase) VALUES(1115,'Timothy@gmail.com','P134',1,'Jan 12 2014 12:00AM')
INSERT INTO PurchaseDetails(PurchaseId,EmailId,ProductId,QuantityPurchased,DateOfPurchase) VALUES(1116,'Timothy@gmail.com','P101',3,'Jan 13 2014 12:00AM')
INSERT INTO PurchaseDetails(PurchaseId,EmailId,ProductId,QuantityPurchased,DateOfPurchase) VALUES(1117,'Timothy@gmail.com','P143',3,'Jan 14 2014 12:00AM')
INSERT INTO PurchaseDetails(PurchaseId,EmailId,ProductId,QuantityPurchased,DateOfPurchase) VALUES(1118,'Timothy@gmail.com','P112',3,'Jan 15 2014 12:00AM')
INSERT INTO PurchaseDetails(PurchaseId,EmailId,ProductId,QuantityPurchased,DateOfPurchase) VALUES(1119,'Timothy@gmail.com','P148',3,'Jan 16 2014 12:00AM')
INSERT INTO PurchaseDetails(PurchaseId,EmailId,ProductId,QuantityPurchased,DateOfPurchase) VALUES(1120,'Timothy@gmail.com','P150',5,'Jan 17 2014 12:00AM')
INSERT INTO PurchaseDetails(PurchaseId,EmailId,ProductId,QuantityPurchased,DateOfPurchase) VALUES(1121,'Timothy@gmail.com','P134',1,'Nov 22 2013 12:00AM')
INSERT INTO PurchaseDetails(PurchaseId,EmailId,ProductId,QuantityPurchased,DateOfPurchase) VALUES(1122,'Matti@gmail.com','P111',2,'Dec 25 2013 12:00AM')
INSERT INTO PurchaseDetails(PurchaseId,EmailId,ProductId,QuantityPurchased,DateOfPurchase) VALUES(1123,'Matti@gmail.com','P121',1,'Nov 21 2013 12:00AM')
INSERT INTO PurchaseDetails(PurchaseId,EmailId,ProductId,QuantityPurchased,DateOfPurchase) VALUES(1124,'Matti@gmail.com','P122',5,'Nov 28 2013 12:00AM')
INSERT INTO PurchaseDetails(PurchaseId,EmailId,ProductId,QuantityPurchased,DateOfPurchase) VALUES(1125,'Matti@gmail.com','P109',4,'Nov 29 2013 12:00AM')
INSERT INTO PurchaseDetails(PurchaseId,EmailId,ProductId,QuantityPurchased,DateOfPurchase) VALUES(1126,'Matti@gmail.com','P123',5,'Dec 21 2013 12:00AM')
INSERT INTO PurchaseDetails(PurchaseId,EmailId,ProductId,QuantityPurchased,DateOfPurchase) VALUES(1127,'Matti@gmail.com','P115',2,'Jan 21 2013 12:00AM')
INSERT INTO PurchaseDetails(PurchaseId,EmailId,ProductId,QuantityPurchased,DateOfPurchase) VALUES(1128,'Matti@gmail.com','P113',5,'Dec 21 2013 12:00AM')
INSERT INTO PurchaseDetails(PurchaseId,EmailId,ProductId,QuantityPurchased,DateOfPurchase) VALUES(1129,'Matti@gmail.com','P145',3,'Nov 28 2013 12:00AM')
INSERT INTO PurchaseDetails(PurchaseId,EmailId,ProductId,QuantityPurchased,DateOfPurchase) VALUES(1130,'Matti@gmail.com','P132',5,'Nov 29 2013 12:00AM')
INSERT INTO PurchaseDetails(PurchaseId,EmailId,ProductId,QuantityPurchased,DateOfPurchase) VALUES(1131,'Matti@gmail.com','P101',3,'Nov 30 2013 12:00AM')
INSERT INTO PurchaseDetails(PurchaseId,EmailId,ProductId,QuantityPurchased,DateOfPurchase) VALUES(1132,'Matti@gmail.com','P143',5,'Jan  1 2014 12:00AM')
INSERT INTO PurchaseDetails(PurchaseId,EmailId,ProductId,QuantityPurchased,DateOfPurchase) VALUES(1133,'Matti@gmail.com','P112',5,'Jan  2 2014 12:00AM')
INSERT INTO PurchaseDetails(PurchaseId,EmailId,ProductId,QuantityPurchased,DateOfPurchase) VALUES(1134,'Helvetius@gmail.com','P148',1,'Jan  3 2014 12:00AM')
INSERT INTO PurchaseDetails(PurchaseId,EmailId,ProductId,QuantityPurchased,DateOfPurchase) VALUES(1135,'Helvetius@gmail.com','P150',5,'Jan  4 2014 12:00AM')
INSERT INTO PurchaseDetails(PurchaseId,EmailId,ProductId,QuantityPurchased,DateOfPurchase) VALUES(1136,'Helvetius@gmail.com','P134',2,'Jan  5 2014 12:00AM')
INSERT INTO PurchaseDetails(PurchaseId,EmailId,ProductId,QuantityPurchased,DateOfPurchase) VALUES(1137,'Helvetius@gmail.com','P135',3,'Jan  6 2014 12:00AM')
INSERT INTO PurchaseDetails(PurchaseId,EmailId,ProductId,QuantityPurchased,DateOfPurchase) VALUES(1138,'Helvetius@gmail.com','P136',3,'Jan  7 2014 12:00AM')
INSERT INTO PurchaseDetails(PurchaseId,EmailId,ProductId,QuantityPurchased,DateOfPurchase) VALUES(1139,'Helvetius@gmail.com','P137',3,'Jan 18 2014 12:00AM')
INSERT INTO PurchaseDetails(PurchaseId,EmailId,ProductId,QuantityPurchased,DateOfPurchase) VALUES(1140,'Helvetius@gmail.com','P148',5,'Jan 19 2014 12:00AM')
INSERT INTO PurchaseDetails(PurchaseId,EmailId,ProductId,QuantityPurchased,DateOfPurchase) VALUES(1141,'Helvetius@gmail.com','P150',2,'Jan 16 2014 12:00AM')
INSERT INTO PurchaseDetails(PurchaseId,EmailId,ProductId,QuantityPurchased,DateOfPurchase) VALUES(1142,'Helvetius@gmail.com','P134',2,'Jan 12 2014 12:00AM')
INSERT INTO PurchaseDetails(PurchaseId,EmailId,ProductId,QuantityPurchased,DateOfPurchase) VALUES(1143,'Helvetius@gmail.com','P120',2,'Jan 11 2014 12:00AM')
INSERT INTO PurchaseDetails(PurchaseId,EmailId,ProductId,QuantityPurchased,DateOfPurchase) VALUES(1144,'Helvetius@gmail.com','P110',5,'Jan 12 2014 12:00AM')
INSERT INTO PurchaseDetails(PurchaseId,EmailId,ProductId,QuantityPurchased,DateOfPurchase) VALUES(1145,'Helvetius@gmail.com','P112',2,'Jan 17 2014 12:00AM')
INSERT INTO PurchaseDetails(PurchaseId,EmailId,ProductId,QuantityPurchased,DateOfPurchase) VALUES(1146,'Mathew_Edmar@infosys.com','P114',3,'Jan 19 2014 12:00AM')
INSERT INTO PurchaseDetails(PurchaseId,EmailId,ProductId,QuantityPurchased,DateOfPurchase) VALUES(1147,'Mathew_Edmar@infosys.com','P101',1,'Jan 21 2014 12:00AM')
INSERT INTO PurchaseDetails(PurchaseId,EmailId,ProductId,QuantityPurchased,DateOfPurchase) VALUES(1148,'Mathew_Edmar@infosys.com','P143',5,'Jan 22 2014 12:00AM')
INSERT INTO PurchaseDetails(PurchaseId,EmailId,ProductId,QuantityPurchased,DateOfPurchase) VALUES(1149,'Mathew_Edmar@infosys.com','P112',2,'Jan 23 2014 12:00AM')
INSERT INTO PurchaseDetails(PurchaseId,EmailId,ProductId,QuantityPurchased,DateOfPurchase) VALUES(1150,'Mathew_Edmar@infosys.com','P148',5,'Jan 14 2014 12:00AM')
INSERT INTO PurchaseDetails(PurchaseId,EmailId,ProductId,QuantityPurchased,DateOfPurchase) VALUES(1151,'Mathew_Edmar@infosys.com','P150',4,'Jan 15 2014 12:00AM')
INSERT INTO PurchaseDetails(PurchaseId,EmailId,ProductId,QuantityPurchased,DateOfPurchase) VALUES(1152,'Mathew_Edmar@infosys.com','P134',5,'Jan 17 2014 12:00AM')
SET IDENTITY_INSERT PurchaseDetails OFF
GO